1,wav/00000.wav
2,wav/00001.wav
3,wav/00002.wav
4,wav/00003.wav
5,wav/00004.wav
6,wav/00005.wav
7,wav/00006.wav
8,wav/00007.wav
9,wav/00008.wav
10,wav/00009.wav
11,wav/00010.wav
12,wav/00011.wav
13,wav/00012.wav
14,wav/00013.wav
15,wav/00014.wav
16,wav/00015.wav
17,wav/00016.wav
18,wav/00017.wav
19,wav/00018.wav
20,wav/00019.wav
21,wav/00020.wav
22,wav/00021.wav
23,wav/00022.wav
24,wav/00023.wav
25,wav/00024.wav
26,wav/00025.wav
27,wav/00026.wav
28,wav/00027.wav
29,wav/00028.wav
30,wav/00029.wav
31,wav/00030.wav
32,wav/00031.wav
33,wav/00032.wav
34,wav/00033.wav
35,wav/00034.wav
36,wav/00035.wav
37,wav/00036.wav
38,wav/00037.wav
39,wav/00038.wav
40,wav/00039.wav
